"ID","正式名称","正式名称（フリガナ）","略称","略称（フリガナ）","英語表記（ローマ字表記）","機関区分","都道府県コード","市区町村コード","所在地","所在地座標（緯度）","所在地座標（経度）","案内用ホームページアドレス","毎週決まった曜日に休診（月）","毎週決まった曜日に休診（火）","毎週決まった曜日に休診（水）","毎週決まった曜日に休診（木）","毎週決まった曜日に休診（金）","毎週決まった曜日に休診（土）","毎週決まった曜日に休診（日）","決まった週に休診（定期週）第1週（月）","決まった週に休診（定期週）第1週（火）","決まった週に休診（定期週）第1週（水）","決まった週に休診（定期週）第1週（木）","決まった週に休診（定期週）第1週（金）","決まった週に休診（定期週）第1週（土）","決まった週に休診（定期週）第1週（日）","決まった週に休診（定期週）第2週（月）","決まった週に休診（定期週）第2週（火）","決まった週に休診（定期週）第2週（水）","決まった週に休診（定期週）第2週（木）","決まった週に休診（定期週）第2週（金）","決まった週に休診（定期週）第2週（土）","決まった週に休診（定期週）第2週（日）","決まった週に休診（定期週）第3週（月）","決まった週に休診（定期週）第3週（火）","決まった週に休診（定期週）第3週（水）","決まった週に休診（定期週）第3週（木）","決まった週に休診（定期週）第3週（金）","決まった週に休診（定期週）第3週（土）","決まった週に休診（定期週）第3週（日）","決まった週に休診（定期週）第4週（月）","決まった週に休診（定期週）第4週（火）","決まった週に休診（定期週）第4週（水）","決まった週に休診（定期週）第4週（木）","決まった週に休診（定期週）第4週（金）","決まった週に休診（定期週）第4週（土）","決まった週に休診（定期週）第4週（日）","決まった週に休診（定期週）第5週（月）","決まった週に休診（定期週）第5週（火）","決まった週に休診（定期週）第5週（水）","決まった週に休診（定期週）第5週（木）","決まった週に休診（定期週）第5週（金）","決まった週に休診（定期週）第5週（土）","決まった週に休診（定期週）第5週（日）","祝日に休診","その他の休診日（gw、お盆等）","一般病床","療養病床","療養病床のうち医療保険適用","療養病床のうち介護保険適用","精神病床","結核病床","感染症病床","合計病床数","注記","座標の出典"
"3911393100120","もみのき病院","モミノキビョウイン","もみのき病院","モミノキビョウイン","Mominoki Byoin","1","39","201","高知県高知市塚ノ原６番地１",33.560211,133.496088,"http://mominoki-hp.or.jp/","1","1","1","1","1","1","0","1","1","1","1","1","1","0","1","1","1","1","1","1","0","1","1","1","1","1","1","0","1","1","1","1","1","1","0","1","1","1","1","1","1","1","0","12月31日 1月1日 1月2日 1月3日","60","","","","","","","60","","原データ"
"3911393100250","いずみの病院","イズミノビョウイン","いずみの病院","イズミノビョウイン","Izumino Hospital","1","39","201","高知県高知市薊野北町２丁目１０番５３号",33.580585,133.55517,"http://www.izumino.or.jp","1","1","1","1","1","1","0","1","1","1","1","1","1","0","1","1","1","1","1","1","0","1","1","1","1","1","1","0","1","1","1","1","1","1","0","1","1","1","1","1","1","0","0","12月30日 12月31日 1月1日 1月2日 1月3日","178","60","","","","","","238","","原データ"
"3911393100410","高知高須病院","コウチタカスビョウイン","高知高須病院","コウチタカスビョウイン","Kochi Takasu Byoin","1","39","201","高知県高知市大津乙２７０５－１",33.566145,133.57961,"https://www.takasuhp.or.jp/","1","1","1","1","1","1","0","1","1","1","1","1","1","0","1","1","1","1","1","1","0","1","1","1","1","1","1","0","1","1","1","1","1","1","0","1","1","1","1","1","1","0","0","12月31日 、12月30日、 12月29日、 1月3日、 1月2日、1月1日","63","","","","","","","63","疑い: 祝 祝日フラグは休みだが祝日の時刻が入っている","原データ"
"3911393100540","高知県・高知市病院企業団立高知医療センター","コウチケンコウチシビョウインキギョウダンリツコウチイリョウセンター","高知医療センター","コウチイリョウセンター","kochi health sciences center","1","39","201","高知県高知市池２１２５－１",33.531425,133.58489,"https://www2.khsc.or.jp","1","1","1","1","1","0","0","1","1","1","1","1","0","0","1","1","1","1","1","0","0","1","1","1","1","1","0","0","1","1","1","1","1","0","0","1","1","1","1","1","0","0","0","12月29日～1月3日","548","0","","","44","20","8","620","","原データ"
"3911393100670","近森オルソリハビリテーション病院","チカモリオルソリハビリテーションビョウイン","近森オルソリハビリテーション病院","チカモリオルソリハビリテーションビョウイン","Chikamori Ortho-Rehabilitation Hospital","1","39","201","高知県高知市北本町１ー２ー６",33.564901,133.541093,"https://www.chikamori.com/ortho/","1","1","1","1","1","0","0","1","1","1","1","1","1","1","1","1","1","1","1","1","1","1","1","1","1","1","1","1","1","1","1","1","1","1","1","1","1","1","1","1","1","1","0","12月31日 1月1日 1月2日 1月3日","100","","","","","","","100","","原データ"
"3911393100700","きんろう病院","キンロウビョウイン","きんろう病院","キンロウビョウイン","Kinrou Hospital","1","39","201","高知県高知市薊野北町３丁目２番２８号",33.581749,133.550465,"http://www.kinrou-cl.jp","1","1","1","1","1","1","0","1","1","1","1","1","1","1","1","1","1","1","1","1","1","1","1","1","1","1","1","1","1","1","1","1","1","1","1","1","1","1","1","1","1","1","0","12月30日 12月31日 1月1日 1月2日 1月3日","20","81","81","","","","","101","","原データ"
"3911395100140","海辺の杜ホスピタル","ウミベノモリホスピタル","海辺の杜ホスピタル","ウミベノモリホスピタル","","1","39","201","高知県高知市長浜２５１番地",33.510702,133.552801,"https://www.umibeno-mori.jp","1","1","1","1","1","1","0","1","1","1","1","1","1","0","1","1","1","1","1","1","0","1","1","1","1","1","1","0","1","1","1","1","1","1","0","1","1","1","1","1","1","0","0","12月30日 12月31日 1月1日 1月2日 1月3日","0","0","","","359","0","0","359","","原データ"
"3911395100270","高知鏡川病院","コウチカガミガワビョウイン","高知鏡川病院","コウチカガミガワビョウイン","Kochi Kagamigawa Byoin","1","39","201","高知県高知市城山町２７０番地",33.551144,133.511562,"http://www.kagamigawa-hp.com","1","1","1","1","1","0","0","1","1","1","1","1","1","1","1","1","1","1","1","1","1","1","1","1","1","1","1","1","1","1","1","1","1","1","1","1","1","1","1","1","1","1","0","12月31日 12月30日 12月29日 1月3日 1月2日 1月1日","","0","","","271","","","271","","原データ"
"3911395100300","愛幸病院","アイコウビョウイン","愛幸病院","アイコウビョウイン","Aiko  Hospital","1","39","201","高知県高知市入明町１４番２号",33.566697,133.530172,"https://shoshikai-aiko.or.jp","1","1","1","1","1","1","0","1","1","1","1","1","1","0","1","1","1","1","1","1","0","1","1","1","1","1","1","0","1","1","1","1","1","1","0","1","1","1","1","1","1","0","0","12月31日 ,12月30日, 12月29日, 1月3日, 1月2日, 1月1日 ,4月29日,5月3日, 5月4日, 5月5日, 5月6日,7月20日,8月11日,9月21日,9月22日,9月23日（改行）10月12日,11月3日,11月23日","","","","","226","","","226","","原データ"
"3911395100560","土佐病院","トサビョウイン","土佐病院","トサビョウイン","Tosa Hospital","1","39","201","高知県高知市新本町２－１０－２４",33.57003,133.547946,"http://www.tosa-hp.com/","1","1","1","1","1","1","0","1","1","1","1","1","0","1","1","1","1","1","1","1","1","1","1","1","1","1","0","1","1","1","1","1","1","1","1","1","1","1","1","1","0","1","0","12月31日 12月30日 12月29日 1月3日 1月2日 1月1日 12月24日","","0","","","174","","","174","","原データ"
"3911395100850","特定医療法人仁泉会朝倉病院","トクテイイリョウホウジンジンセンカイアサクラビョウイン","朝倉病院","アサクラビョウイン","Asakura Hospital","1","39","201","高知県高知市朝倉丙１６５３－１２",33.555577,133.474648,"http://asakura-hospital.jp","1","1","1","1","1","1","0","1","1","1","1","1","1","0","1","1","1","1","1","1","0","1","1","1","1","1","1","0","1","1","1","1","1","1","0","1","1","1","1","1","1","0","0","12月30日 12月31日 1月1日 1月2日 1月3日","36","72","","","","","","108","","原データ"
"3911395100980","新松田会愛宕病院","シンマツダカイアタゴビョウイン","愛宕病院","アタゴビョウイン","ATAGO HOSPITAL","1","39","201","高知県高知市愛宕町１ー１ー１３",33.565589,133.53767,"http://www.atago-hp.or.jp","1","1","1","1","1","1","0","1","1","1","1","1","1","0","1","1","1","1","1","1","0","1","1","1","1","1","1","0","1","1","1","1","1","1","0","1","1","1","1","1","1","0","0","12月31日 1月1日 1月2日 1月3日","269","79","","","70","","","418","","原データ"
"3911395101020","高知整形・脳外科病院","コウチセイケイノウゲカビョウイン","高知整形・脳外科病院","コウチセイケイノウゲカビョウイン","Kochi Orthoedic Neuro Surgery Hospital","1","39","201","高知県高知市上町４丁目ー７ー２０",33.556327,133.518927,"http://kochiseikei-nogeka.com","1","1","1","1","1","1","0","1","1","1","1","1","1","0","1","1","1","1","1","1","0","1","1","1","1","1","1","0","1","1","1","1","1","1","0","1","1","1","1","1","1","0","0","12月31日 1月1日 1月2日 1月3日","30","72","","","","","","102","","原データ"
"3911395101280","岡村病院","オカムラビョウイン","岡村病院","オカムラビョウイン","Okamura Byoin","1","39","201","高知県高知市入明町１－５",33.565595,133.532029,"http://www.okamura-hp.or.jp/","1","1","1","1","1","1","0","1","1","1","1","1","1","1","1","1","1","1","1","1","1","1","1","1","1","1","1","1","1","1","1","1","1","1","1","1","1","1","1","1","1","1","0","12月30日 12月31日 1月1日 1月2日 1月3日","138","0","","","","","","138","","原データ"
"3911395101310","川村病院","カワムラビョウイン","川村病院","カワムラビョウイン","kawamura Hospital","1","39","201","高知県高知市上町５丁目６－２０",33.555867,133.517117,"https://www.kawamura-hosp.or.jp","1","1","1","1","1","1","0","","","","","","","","","","","","","","","","","","","","","","","","","","","","","","","","","","","","0","1月1日 1月2日 1月3日","32","45","","","","","","77","","原データ"
"3911395101440","木村病院","キムラビョウイン","木村病院","キムラビョウイン","kimura byoin","1","39","201","高知県高知市寿町８－８",33.56647,133.535336,"http://www.kimuraho.jp/","1","1","1","1","1","1","0","1","1","1","1","1","1","0","1","1","1","1","1","1","0","1","1","1","1","1","1","0","1","1","1","1","1","1","0","1","1","1","1","1","1","0","0","12月31日 1月1日 1月2日 1月3日","","30","","","","","","30","","原データ"
"3911395101570","国吉病院","クニヨシビョウイン","国吉病院","クニヨシビョウイン","Kuniyoshi Byoin","1","39","201","高知県高知市上町１丁目３ー４",33.558364,133.526006,"http://www.kuniyoshi-hp.or.jp/","1","1","1","1","1","1","0","1","1","1","1","1","1","1","1","1","1","1","1","1","1","1","1","1","1","1","1","1","1","1","1","1","1","1","1","1","1","1","1","1","1","1","0","12月30日　12月31日　 1月1日 　1月2日 　1月3日","69","37","","","","","","106","","原データ"
"3911395101600","医療法人共生会下司病院","イリョウホウジンキョウセイカイゲシビョウイン","下司病院","ゲシビョウイン","Geshi Hospital","1","39","201","高知県高知市本町３丁目５番１３号",33.557252,133.536736,"http://www.kochi-al.org/url/geshi-top.html","1","1","1","1","1","1","0","1","1","1","1","1","1","0","1","1","1","1","1","1","0","1","1","1","1","1","1","0","1","1","1","1","1","1","0","1","1","1","1","1","1","0","0","12月31日 1月1日 1月2日 1月3日","","","","","50","","","50","","原データ"
"3911395101730","高知病院","コウチビョウイン","高知病院","コウチビョウイン","kouchi Hospital","1","39","201","高知県高知市相生町１‐３５",33.564311,133.544708,"https://kochi-hp.nonami-kai.com/","1","1","1","1","1","1","0","1","1","1","1","1","1","0","1","1","1","1","1","1","0","1","1","1","1","1","1","0","1","1","1","1","1","1","0","1","1","1","1","1","1","0","0","12月31日 1月1日 1月2日 1月3日","26","98","","","","","","124","","原データ"
"3911395101860","医療法人杏林会高知ハーモニーホスピタル","イリョウホウジンキョウリンカイコウチハーモニーホスピタル","高知ハーモニーホスピタル","コウチハーモニーホスピタル","KochiHarmonyHospital","1","39","201","高知県高知市南金田５番１８号",33.564765,133.558362,"http://www.kochi-harmony.or.jp/","1","1","1","1","1","1","0","1","1","1","1","1","1","0","1","1","1","1","1","1","0","1","1","1","1","1","1","0","1","1","1","1","1","1","0","1","1","1","1","1","1","0","0","12月30日 12月31日 1月1日 1月2日 1月3日","","0","","","133","","","133","","原データ"
"3911395102160","高知厚生病院","コウチコウセイビョウイン","高知厚生病院","コウチコウセイビョウイン","Kochikosei Hospital","1","39","201","高知県高知市葛島１ー９ー５０",33.558368,133.572111,"http://www.kochi-koseihp.jp","1","1","1","1","1","1","0","1","1","1","1","1","1","1","1","1","1","1","1","1","1","1","1","1","1","1","1","1","1","1","1","1","1","1","1","1","1","1","1","1","1","1","0","12月31日 1月3日 1月2日 1月1日","42","0","","","","","","42","","原データ"
"3911395102320","高知赤十字病院","コウチセキジュウジビョウイン","高知赤十字病院","コウチセキジュウジビョウイン","Japanese Red Cross Kochi Hospital","1","39","201","高知県高知市秦南町１丁目４番６３ー１１号",33.577943,133.544312,"http://www.kochi-med.jrc.or.jp","1","1","1","1","1","0","0","1","1","1","1","1","0","0","1","1","1","1","1","0","0","1","1","1","1","1","0","0","1","1","1","1","1","0","0","1","1","1","1","1","0","0","0","12月31日 12月30日 12月29日 5月1日 1月3日 1月2日 1月1日","402","0","","","0","0","0","402","","原データ"
"3911395102610","独立行政法人国立病院機構高知病院","ドクリツギョウセイホウジンコクリツビョウインキコウコウチビョウイン","国立病院機構高知病院","コクリツビョウインキコウコウチビョウイン","Kochi National Hospital Kochi Byoin","1","39","201","高知県高知市朝倉西町１丁目２番２５号",33.542715,133.484345,"https://kochi.hosp.go.jp/","1","1","1","1","1","0","0","1","1","1","1","1","0","0","1","1","1","1","1","0","0","1","1","1","1","1","0","0","1","1","1","1","1","0","0","1","1","1","1","1","0","0","0","12月29日 12月30日 12月31日 1月1日 1月2日 1月3日","402","0","","","0","22","0","424","","原データ"
"3911395102870","島本病院","シマモトビョウイン","島本病院","シマモトビョウイン","Shimamoto Hospital","1","39","201","高知県高知市帯屋町２丁目６番３号",33.560238,133.535258,"http://www.shimamotohp.or.jp/index.html","1","1","1","1","1","1","0","1","1","1","1","1","1","0","1","1","1","1","1","1","0","1","1","1","1","1","1","0","1","1","1","1","1","1","0","1","1","1","1","1","1","0","0","12月31日 1月1日 1月2日 1月3日","","120","","","","","","120","","原データ"
"3911395102900","だいいちリハビリテーション病院","ダイイチリハビリテーションビョウイン","だいいちリハビリテーション病院","ダイイチリハビリテーションビョウイン","DaiichiRehabilitation Hospital","1","39","201","高知県高知市九反田２番１４号",33.558244,133.547963,"http://www.daiichi-hp.jp","1","1","1","1","1","1","0","1","1","1","1","1","1","0","1","1","1","1","1","1","0","1","1","1","1","1","1","0","1","1","1","1","1","1","0","1","1","1","1","1","1","0","0","12月31日 1月1日 1月2日 1月3日（改行）5月3日 5月4日 5月5日","60","120","","","","","","180","","原データ"
"3911395103170","高知記念病院","コウチキネンビョウイン","高知記念病院","コウチキネンビョウイン","Kochi Memorial Hospital","1","39","201","高知県高知市城見町４－１３",33.559199,133.551836,"https://kochi-kinen.jp/","1","1","1","1","1","1","0","1","1","1","1","1","1","1","1","1","1","1","1","1","1","1","1","1","1","1","1","1","1","1","1","1","1","1","1","1","1","1","1","1","1","1","0","年末年始（12月30日～1月3日）","144","55","","","","","","199","","原データ"
"3911395103200","潮江高橋病院","ウシオエタカハシビョウイン","潮江高橋病院","ウシオエタカハシビョウイン","UshioeTakahashi Hospital","1","39","201","高知県高知市土居町９－１８",33.554403,133.544582,"https://www.takashiokai.jp","1","1","1","1","1","1","0","1","1","1","1","1","1","1","1","1","1","1","1","1","1","1","1","1","1","1","1","1","1","1","1","1","1","1","1","1","1","1","1","1","1","1","0","12月30日 12月31日 1月1日 1月2日 1月3日","32","48","","","","","","80","","原データ"
"3911395103330","海里マリン病院","ミサトマリンビョウイン","マリン病院","マリンビョウイン","Marine Hospital","1","39","201","高知県高知市仁井田１６１７ー５",33.514116,133.572582,"https://www.marine-hosp.jp/","1","1","1","1","1","1","0","1","1","1","1","1","1","0","1","1","1","1","1","1","0","1","1","1","1","1","1","0","1","1","1","1","1","1","0","1","1","1","1","1","1","0","0","12月31日 1月1日 1月2日 1月3日","76","","","","","","","76","","原データ"
"3911395103460","近森病院","チカモリビョウイン","近森病院","チカモリビョウイン","Chikamori Hospital","1","39","201","高知県高知市大川筋一丁目１番１６号",33.564354,133.542183,"http://www.chikamori.com","1","1","1","1","1","0","0","1","1","1","1","1","0","0","1","1","1","1","1","0","0","1","1","1","1","1","0","0","1","1","1","1","1","0","0","1","1","1","1","1","0","0","0","1月1日、1月2日、1月3日、12月31日","429","0","","","60","0","0","489","","原データ"
"3911395103590","土佐田村病院","トサタムラビョウイン","土佐田村病院","トサタムラ　ビョウイン","Tosatamura Byoin","1","39","201","高知県高知市稲荷町１１－２０",33.557047,133.561253,"https://tosatamura.jp","1","1","1","1","1","1","0","1","1","1","1","1","1","0","1","1","1","1","1","1","0","1","1","1","1","1","1","0","1","1","1","1","1","1","0","1","1","1","1","1","1","0","0","12月31日 1月1日 1月2日 1月3日","","44","","","","","","44","","原データ"
"3911395103750","図南病院","トナンビョウイン","図南病院","トナンビョウイン","Tonan Hospital","1","39","201","高知県高知市知寄町１丁目５－１５",33.558891,133.556185,"http://www.hisakai.or.jp/tonan/","1","1","1","1","1","1","0","1","1","1","1","1","1","0","1","1","1","1","1","1","0","1","1","1","1","1","1","0","1","1","1","1","1","1","0","1","1","1","1","1","1","0","0","年末年始は12月30日～1月3日まで休診（改行）GWは暦の通り診療しています","119","0","","","0","0","0","119","","原データ"
"3911395103910","長浜病院","ナガハマビョウイン","長浜病院","ナガハマビョウイン","Nagahama Hospital","1","39","201","高知県高知市長浜８０１",33.501044,133.544841,"http://www.nagahama-hp.or.jp","1","1","1","1","1","1","0","1","1","1","1","1","1","0","1","1","1","1","1","1","0","1","1","1","1","1","1","0","1","1","1","1","1","1","0","1","1","1","1","1","1","1","0","12月30日、12月31日、 1月1日、 1月2日、 1月3日","50","","","","","","","50","","原データ"
"3911395104500","医療法人久会　久病院","ヒサビョウイン","久病院","イリョウホウジンヒサカイ　ヒサビョウイン","hisa hospital","1","39","201","高知県高知市桜井町１－２－３５",33.560552,133.547857,"http://www.hisakai.or.jp/hisa/index.htm","1","1","1","1","1","1","0","1","1","1","1","1","1","0","1","1","1","1","1","1","0","1","1","1","1","1","1","0","1","1","1","1","1","1","0","1","1","1","1","1","1","0","0","12月30日 12月31日 1月1日 1月2日 1月3日（改行）土曜日は午前のみ診療","52","32","","","","","","84","","原データ"
"3911395104630","平田病院","ヒラタビョウイン","平田病院","ヒラタビョウイン","Hirata Hospital","1","39","201","高知県高知市本町５丁目４番２３号",33.557254,133.530171,"http://www.hirata-hp.com/","1","1","1","1","1","1","0","1","1","1","1","1","1","0","1","1","1","1","1","1","0","1","1","1","1","1","1","0","1","1","1","1","1","1","0","1","1","1","1","1","1","0","0","12月30日 12月31日 1月1日 1月2日 1月3日","","24","","","","","","24","","原データ"
"3911395104890","藤戸病院","フジトビョウイン","藤戸病院","フジトビョウイン","Fujito Byouin","1","39","201","高知県高知市上町１丁目４－２４",33.55781,133.525451,"https://okura-kai.com","1","1","1","1","1","1","0","1","1","1","1","1","1","0","1","1","1","1","1","1","0","1","1","1","1","1","1","0","1","1","1","1","1","1","0","1","1","1","1","1","1","0","0","12月30日 12月31日 1月1日 1月2日 1月3日","","","","","80","","","80","","原データ"
"3911395104920","細木病院","ホソギビョウイン","細木病院","ホソギビョウイン","HOSOGI HOSPITAL","1","39","201","高知県高知市大膳町３７",33.559748,133.522671,"http://hosogi-hospital.jp/index.htm","1","1","1","1","1","1","0","1","1","1","1","1","1","0","1","1","1","1","1","1","0","1","1","1","1","1","1","0","1","1","1","1","1","1","0","1","1","1","1","1","1","0","0","12月31日 1月1日 1月2日 1月3日","162","153","","","113","0","0","428","","原データ"
"3911395105060","上町病院","カミマチビョウイン","上町病院","カミマチビョウイン","Kamimachi Hospital","1","39","201","高知県高知市上町１－７－３４",33.557093,133.526029,"http://www.kamimachi-hp.or.jp/","1","1","1","1","1","1","0","1","1","1","1","1","1","1","1","1","1","1","1","1","1","1","1","1","1","1","1","1","1","1","1","1","1","1","1","1","1","1","1","1","1","1","0","12月31日 1月1日 1月2日 1月3日","","92","","","","","","92","","原データ"
"3911395105220","南病院","ミナミビョウイン","南病院","ミナミビョウイン","MiNaMi Hosptal","1","39","201","高知県高知市本町３丁目６－２８",33.557215,133.535022,"","1","1","1","1","1","1","0","1","1","1","1","1","1","0","1","1","1","1","1","1","0","1","1","1","1","1","1","0","1","1","1","1","1","1","0","1","1","1","1","1","1","0","0","12月31日 1月1日 1月2日 1月3日","42","28","28","","","","","70","","原データ"
"3911395105480","山村病院","ヤマムラビョウイン","山村病院","ヤマムラビョウイン","Yamamura Hospital","1","39","201","高知県高知市下島町１０６番地",33.5547,133.507866,"http://yamamurakai.sakura.ne.jp","1","1","1","1","1","1","0","1","1","1","1","1","1","1","1","1","1","1","1","1","1","1","1","1","1","1","1","1","1","1","1","1","1","1","1","1","1","1","1","1","1","1","0","12月31日 1月1日 1月2日 1月3日","","33","33","","","","","33","","原データ"
"3911395105640","高知城東病院","コウチジョウトウビョウイン","高知城東病院","コウチジョウトウビョウイン","KOCHI JOTO HOSPITAL","1","39","201","高知県高知市大津乙７１９",33.567746,133.597541,"http://www.kochijoto.or.jp/","1","1","1","1","1","0","0","1","1","1","1","1","0","0","1","1","1","1","1","0","0","1","1","1","1","1","0","0","1","1","1","1","1","0","0","1","1","1","1","1","0","0","0","12月30日 12月31日 1月1日 1月2日 1月3日","","60","","","","","","60","","原データ"
"3911395105800","特定医療法人竹下会竹下病院","トクテイイリョウホウジンタケシタカイタケシタビョウイン","竹下病院","タケシタビョウイン","Takeshita Hospital","1","39","201","高知県高知市与力町３番８号",33.557977,133.538431,"http://www.takeshita-hp.jp/","1","1","1","1","1","1","0","1","1","1","1","1","1","0","1","1","1","1","1","1","0","1","1","1","1","1","1","0","1","1","1","1","1","1","0","1","1","1","1","1","1","0","0","GW（4月29日、5月3日、5月4日、5月5日）（改行）年末年始（12月30日、12月31日、 1月1日、 1月2日、 1月3日）","76","0","","","","","","76","","原データ"
"3911395105930","町田病院","マチダビョウイン","町田病院","マチダビョウイン","Machida Byoin","1","39","201","高知県高知市旭町１－１０４",33.556979,133.512905,"http://www.machida-hp.com/","1","1","1","1","1","1","0","1","1","1","1","1","1","0","1","1","1","1","1","0","0","1","1","1","1","1","1","0","1","1","1","1","1","0","0","1","1","1","1","1","0","0","0","12月29日 12月30日 12月31日 1月1日 1月2日 1月3日","60","","","","","","","60","","原データ"
"3911395106070","独立行政法人地域医療機能推進機構高知西病院","ドクリツギョウセイホウジンチイキイリョウキノウスイシンキコウコウチニシビョウイン","高知西病院","コウチニシビョウイン","kochi nisi hospital","1","39","201","高知県高知市神田３１７－１２",33.54059,133.501842,"http://kochi.jcho.go.jp/","1","1","1","1","1","0","0","1","1","1","1","1","0","0","1","1","1","1","1","0","0","1","1","1","1","1","0","0","1","1","1","1","1","0","0","1","1","1","1","1","0","0","0","12月31日 12月30日 12月29日 1月3日 1月2日 1月1日","146","0","","","","","","146","","原データ"
"3911395106100","三愛病院","サンアイビョウイン","三愛病院","サンアイビョウイン","san-ai Hospital","1","39","201","高知県高知市一宮西町１丁目７ー２５",33.58333,133.567771,"http://www.sanai-hospital.jp/top/","1","1","1","1","1","1","0","1","1","1","1","1","1","1","1","1","1","1","1","1","1","1","1","1","1","1","1","1","1","1","1","1","1","1","1","1","1","1","1","1","1","1","0","12月31日 1月3日 1月2日 1月1日","98","0","","","0","0","0","98","","原データ"
"3911395106230","高知総合リハビリテーション病院","コウチソウゴウリハビリテーションビョウイン","高知総合リハビリテーション病院","コウチソウゴウリハビリテーションビョウイン","Kouchi-sougou-Rehabilitation-Hospital","1","39","201","高知県高知市一宮南町１丁目１０番１５号",33.579066,133.563756,"https://www.jojinkai.com/kouchi/","1","1","1","1","1","0","0","1","1","1","1","1","1","1","1","1","1","1","1","1","1","1","1","1","1","1","1","1","1","1","1","1","1","1","1","1","1","1","1","1","1","1","0","12月31日 1月1日 1月2日 1月3日","88","88","","","","","","176","","原データ"
"3911395106360","高橋病院","タカハシビョウイン","高橋病院","タカハシビョウイン","Takahashi Hospital","1","39","201","高知県高知市愛宕町３丁目９番２０号",33.570777,133.536934,"","1","1","1","1","1","1","0","1","1","1","1","1","1","0","1","1","1","1","1","1","0","1","1","1","1","1","1","0","1","1","1","1","1","1","0","1","1","1","1","1","1","0","0","12月29日 12月30日 12月31日 1月1日 1月2日 1月3日","0","29","29","0","0","0","0","29","","原データ"
"3911395106490","新松田会　愛宕病院分院","シンマツダカイ　アタゴビョウインブンイン","愛宕病院分院","アタゴビョウインブンイン","AtagoBuninHospital","1","39","201","高知県高知市長浜",33.489501,133.549185,"http://atago-ryoyohp.jp/","1","1","1","1","1","1","0","1","1","1","1","1","1","0","1","1","1","1","1","1","0","1","1","1","1","1","1","0","1","1","1","1","1","1","0","1","1","1","1","1","1","0","0","12月31日 1月1日 1月2日 1月3日","60","120","","","","","","180","","原データ"
"3911395106650","岡林病院","オカバヤシビョウイン","岡林病院","オカバヤシビョウイン","Okabayashi Hospital","1","39","201","高知県高知市神田５９８",33.548922,133.514619,"http://okabayashi.jp","1","1","1","1","1","1","0","1","1","1","1","1","1","0","1","1","1","1","1","1","0","1","1","1","1","1","1","0","1","1","1","1","1","1","0","1","1","1","1","1","1","0","0","12月30日12月31日 1月1日 1月2日 1月3日","91","0","","","","","","91","","原データ"
"3911395106810","下村病院","シモムラビョウイン","下村病院","シモムラビョウイン","Shimomura Byoin","1","39","201","高知県高知市南はりまや町１丁目７－１５",33.558202,133.5429,"https://shimomura-hospital.com/","1","1","1","1","1","1","0","1","1","1","1","1","1","1","1","1","1","1","1","1","1","1","1","1","1","1","1","1","1","1","1","1","1","1","1","1","1","1","1","1","1","1","0","12月30日 12月31日 1月1日 1月2日 1月3日","41","","","","","","","41","","原データ"
"3911395107080","田中整形外科病院","タナカセイケイゲカビョウイン","田中整形外科病院","タナカセイケイゲカビョウイン","tanakaseikeigekabyouin","1","39","201","高知県高知市上町３丁目２番６号",33.558157,133.522579,"https://www.tanakaseikei.jp/","1","1","1","1","1","1","0","1","1","1","1","1","1","0","1","1","1","1","1","1","0","1","1","1","1","1","1","0","1","1","1","1","1","1","0","1","1","1","1","1","1","0","0","1月1日 1月2日 1月3日 12月31日","90","0","","","","","","90","","原データ"
"3911395107400","横浜病院","ヨコハマビョウイン","横浜病院","ヨコハマビョウイン","YokohamaHospital","1","39","201","高知県高知市横浜東町１０番１号",33.519483,133.547949,"http://www.kochi-yokohama-hp.jp","1","1","1","1","1","1","0","1","1","1","1","1","1","0","1","1","1","1","1","1","0","1","1","1","1","1","1","0","1","1","1","1","1","1","0","1","1","1","1","1","1","0","0","12月30日　12月31日　 1月1日 　1月2日 　1月3日","","180","","","","","","180","","原データ"
"3911395107790","田村内科整形外科病院","タムラナイカセイケイゲカビョウイン","田村内科整形外科病院","タムラナイカセイケイゲカビョウイン","Tamura Naika Seikeigeka Byoin","1","39","201","高知県高知市二葉町１０ー１０",33.556572,133.55739,"","1","1","1","1","1","1","0","1","1","1","1","1","1","0","1","1","1","1","1","1","0","1","1","1","1","1","1","0","1","1","1","1","1","1","0","1","1","1","1","1","1","0","0","12月30日 12月31日 1月1日 1月2日 1月3日","30","40","","","","","","70","","原データ"
"3911395108120","北村病院","キタムラビョウイン","北村病院","キタムラビョウイン","Kitamura Hospital","1","39","204","高知県南国市東崎１３３６番地",33.575034,133.64266,"http://kitamura-hp.jp/","1","1","1","1","1","1","0","1","1","1","1","1","1","1","1","1","1","1","1","1","1","1","1","1","1","1","1","1","1","1","1","1","1","1","1","1","1","1","1","1","1","1","0","12月30日 12月31日 1月1日 1月2日 1月3日","","60","60","","","","","60","","原データ"
"3911395108410","岡豊病院","オコウビョウイン","岡豊病院","オコウビョウイン","Okou Byoin","1","39","204","高知県南国市岡豊町小蓮６８９－１",33.599474,133.617386,"http://www.okou-hp.or.jp","1","1","1","1","1","0","0","1","1","1","1","1","1","1","1","1","1","1","1","1","1","1","1","1","1","1","1","1","1","1","1","1","1","1","1","1","1","1","1","1","1","1","0","12月30日 12月31日 1月1日 1月2日 1月3日","","42","","","193","","","235","","原データ"
"3911395108620","医療法人つくし会南国病院","イリョウホウジンツクシカイナンコクビョウイン","南国病院","ナンコクビョウイン","Nankoku Hospital","1","39","204","高知県南国市大そね甲１４７９－３",33.567497,133.646742,"http://www.nankoku-hp.or.jp","1","1","1","1","1","1","0","1","1","1","1","1","1","1","1","1","1","1","1","1","1","1","1","1","1","1","1","1","1","1","1","1","1","1","1","1","1","1","1","1","1","1","0","12月30日 12月31日 1月1日 1月2日 1月3日","102","0","","","60","","","162","","原データ"
"3911395108700","藤原病院","フジワラビョウイン","藤原病院","フジワラビョウイン","FujiwaraHospital","1","39","204","高知県南国市大そね乙９９５番地",33.566146,133.649604,"","1","1","1","1","1","1","0","1","1","1","1","1","1","1","1","1","1","1","1","1","1","1","1","1","1","1","1","1","1","1","1","1","1","1","1","1","1","1","1","1","1","1","0","1月1日 1月2日 1月3日 12月29日 12月30日 12月31日","","117","","","","","","117","","原データ"
"3911395108830","高知大学医学部附属病院","コウチダイガクイガクブフゾクビョウイン","高知大学医学部附属病院","コウチダイガクイガクブフゾクビョウイン","Kochi Medical School Hospital","1","39","204","高知県南国市岡豊町小蓮１８５－１",33.594753,133.614331,"https://www.kochi-u.ac.jp/kms/hsptl/index.html","1","1","1","1","1","0","0","1","1","1","1","1","1","1","1","1","1","1","1","1","1","1","1","1","1","1","1","1","1","1","1","1","1","1","1","1","1","1","1","1","1","1","0","12月31日 12月30日 12月29日 1月3日 1月2日 1月1日","583","0","","","30","","","613","","原データ"
"3911395108960","石川記念病院","イシカワキネンビョウイン","石川記念病院","イシカワキネンビョウイン","Ishikawa Memorial Hospital","1","39","386","高知県吾川郡いの町波川７７番地",33.541974,133.409907,"https://ishikawahp.com/","1","1","1","1","1","1","0","1","1","1","1","1","1","0","1","1","1","1","1","1","0","1","1","1","1","1","1","0","1","1","1","1","1","1","0","1","1","1","1","1","1","0","0","GW：5月3日、5月4日、5月5日、5月6日（改行）年末年始：12月31日、1月1日、1月2日、1月3日","0","0","","","104","0","0","104","","原データ"
"3911395109260","いの町立国民健康保険仁淀病院","イノチョウリツコクミンケンコウホケンニヨドビョウイン","仁淀病院","ニヨドビョウイン","Niyodo Hospital","1","39","386","高知県吾川郡いの町１３６９",33.547252,133.433513,"https://www.town.ino.kochi.jp/niyodo-hospital/index.html","1","1","1","1","1","0","0","","","","","","","","","","","","","","","","","","","","","","","","","","","","","","","","","","","","0","12月29日 12月30日 12月31日 1月1日 1月2日 1月3日","60","","","","","","","60","","原データ"
"3911395109390","永島会　永井病院","ナガシマカイ　ナガイビョウイン","永井病院","ナガイビョウイン","Nagai Hospital (Nagai Byoin)","1","39","201","高知県高知市春野町西分２０２７－３",33.499165,133.495958,"http://www.nagai-hp.com/","1","1","1","1","1","1","0","1","1","1","1","1","1","0","1","1","1","1","1","1","0","1","1","1","1","1","1","0","1","1","1","1","1","1","0","1","1","1","1","1","1","0","0","12月30日 12月31日 1月1日 1月2日 1月3日","","40","","","","","","40","疑い: 土 曜日フラグは営業日だが時刻が無い","原データ"
"3911395109550","高知生協病院","コウチセイキョウビョウイン","高知生協病院","セイキョウビョウイン","Seikyou Byoin","1","39","201","高知県高知市口細山２０６－９",33.56696,133.48991,"http://www.kochi-hco-op.or.jp","1","1","1","1","1","1","0","1","1","1","1","1","1","1","1","1","1","1","1","1","1","1","1","1","1","1","1","1","1","1","1","1","1","1","1","1","1","1","1","1","1","1","0","12月30日 12月31日 1月1日 1月2日 1月3日","114","","","","","","","114","","原データ"
"3911395110080","南国中央病院","ナンゴクチュウオウビョウイン","南国中央病院","ナンゴクチュウオウビョウイン","Nangokutyuuou Hospital","1","39","204","高知県南国市後免町３－１－２７",33.575865,133.647939,"http://www.chisio-group.or.jp/","1","1","1","1","1","1","0","1","1","1","1","1","1","1","1","1","1","1","1","1","1","1","1","1","1","1","1","1","1","1","1","1","1","1","1","1","1","1","1","1","1","1","0","1月1日 1月2日 1月3日 1月13日 2月11日 2月24日 3月20日 4月29日 5月3日 5月4日 5月5日 5月6日 7月21日 8月11日 9月15日 9月23日 10月13日 11月3日 11月24日 12月30日 12月31日","45","54","54","0","","","","99","","原データ"
"3911395110110","森木病院","モリキビョウイン","森木病院","モリキビョウイン","Moriki Hospital","1","39","386","高知県吾川郡いの町３６７４番地",33.547805,133.425103,"https://www.morikihp.com/","1","1","1","1","1","1","0","1","1","1","1","1","1","0","1","1","1","1","1","1","0","1","1","1","1","1","1","0","1","1","1","1","1","1","0","1","1","1","1","1","1","0","0","2月11日 2月23日 3月20日 4月29日 5月3日 5月4日 5月5日 5月6日 7月20日 8月11日 9月21日 9月22日 9月23日 10月12日 11月3日（改行） 11月23日 12月31日 1月1日 1月2日","","33","","","","","","33","","原データ"
"3911395110370","医療法人　みつる会　高知脳神経外科病院","イリョウホウジン　ミツルカイ　コウチノウシンケイゲカビョウイン","高知脳神経外科病院","コウチノウシンケイゲカビョウイン","Kochinoshinkeigekabyoin","1","39","201","高知県高知市朝倉戊７６７－５",33.53706,133.486009,"http://www.kochi-nsg.net","1","1","1","1","1","1","0","1","1","1","1","1","1","0","1","1","1","1","1","1","0","1","1","1","1","1","1","0","1","1","1","1","1","1","0","1","1","1","1","1","1","0","0","12月30日　12月31日 　1月1日 　1月2日　 1月3日（改行）※時間外・休日・祝日急患は受付可。事前に連絡をお願いします","46","0","","","","","","46","","原データ"
"3911395110400","医療法人博信会　中ノ橋病院","イリョウホウジンハクシンカイ　ナカノハシビョウイン","中ノ橋病院","ナカノハシビョウイン","Nakanohashi Hospital","1","39","201","高知県高知市永国寺町１－４６",33.563637,133.536717,"http://www.nakanohashi-hp.jp/","1","1","1","1","1","1","0","1","1","1","1","1","1","0","1","1","1","1","1","0","0","1","1","1","1","1","1","0","1","1","1","1","1","1","0","1","1","1","1","1","1","0","0","12月31日 1月1日 1月2日 1月3日","","41","","","","","","41","","原データ"
"3911395110660","近森リハビリテーション病院","チカモリリハビリテーションビョウイン","近森リハビリテーション病院","チカモリリハビリテーションビョウイン","Chikamorirehabilitation Hospital","1","39","201","高知県高知市廿代町２番２２号",33.564942,133.5411,"https://www.chikamori.com/rehahp/","1","1","1","1","1","0","0","1","1","1","1","1","1","1","1","1","1","1","1","1","1","1","1","1","1","1","1","1","1","1","1","1","1","1","1","1","1","1","1","1","1","1","0","12月30日 12月31日 1月1日 1月2日 1月3日","","180","","","","","","180","","原データ"
"3911395110790","土佐希望の家　医療福祉センター","トサキボウノイエ　イリョウフクシセンター","土佐希望の家　医療福祉センター","トサキボウノイエ　イリョウフクシセンター","Tosakibounoie Iryoufukushi Center","1","39","204","高知県南国市小籠１０７番地",33.582611,133.633327,"http://www.tosakibou.jp/","1","1","1","1","1","0","0","1","1","1","1","1","0","0","1","1","1","1","1","0","0","1","1","1","1","1","0","0","1","1","1","1","1","0","0","1","1","1","1","1","0","0","0","4月29日、5月4日、5月5日、５月6日、7月20日、8月11日、9月21日、9月22日、（改行）9月23日、10月12日、11月3日、11月23日、12月29日、12月30日、12月31日、1月1日、1月2日、1月3日、1月11日、2月11日、2月23日、3月23日","142","0","","","","","","142","","原データ"
"3911395110820","医療法人仁栄会島津病院","イリョウホウジンジンエイカイシマヅビョウイン","医療法人仁栄会島津病院","イリョウホウジンジンエイカイシマヅビョウイン","iryouhoujinnjinneikaisimazubyouinn","1","39","201","高知県高知市比島町４ー６ー２２",33.573152,133.549891,"http://www.shimazuhp.jp/","1","1","1","1","1","1","0","1","1","1","1","1","1","0","1","1","1","1","1","1","0","1","1","1","1","1","1","0","1","1","1","1","1","1","0","1","1","1","1","1","1","0","0","12月31日 12月30日 12月29日 1月3日 1月2日 1月1日","69","0","","","","","","69","","原データ"
"3911395110950","南国厚生病院","ナンゴクコウセイビョウイン","南国厚生病院","ナンゴクコウセイビョウイン","Nangokukousei Hospital (Nangokukousei Byoin)","1","39","204","高知県南国市立田１１８０番地",33.568925,133.67127,"https://chihiro-hp.or.jp/","1","1","1","1","1","0","0","1","1","1","1","1","0","0","1","1","1","1","1","0","0","1","1","1","1","1","0","0","1","1","1","1","1","0","0","1","1","1","1","1","0","0","0","12月29日 12月30日 12月31日 1月1日 1月2日 1月3日","","88","","","","","","88","","原データ"
"3911395200200","高知県立あき総合病院","コウチケンリツアキソウゴウビョウイン","あき総合病院","アキソウゴウビョウイン","Aki GeneralHospital","1","39","203","高知県安芸市宝永町３－３３",33.506289,133.897538,"https://www.akihp.jp/","1","1","1","1","1","0","0","1","1","1","1","1","0","0","1","1","1","1","1","0","0","1","1","1","1","1","0","0","1","1","1","1","1","0","0","1","1","1","1","1","0","0","0","12月29日12月30日12月31日 1月1日 1月2日 1月3日","175","0","","","90","5","","270","","原データ"
"3911395200460","森澤病院","モリサワビョウイン","森澤病院","モリサワビョウイン","Morisawa Hospital","1","39","203","高知県安芸市本町２－１３－３２",33.498381,133.908469,"http://www.morisawa-hp.com","1","1","1","1","1","1","0","1","1","1","1","1","1","0","1","1","1","1","1","1","0","1","1","1","1","1","1","0","1","1","1","1","1","1","0","1","1","1","1","1","1","0","0","12月31日 1月1日 1月2日 1月3日","40","32","","","0","0","0","72","","原データ"
"3911395200620","芸西病院","ゲイセイビョウイン","芸西病院","ゲイセイビョウイン","Geisei Hospital","1","39","307","高知県安芸郡芸西村和食甲４２６８",33.521524,133.820163,"http://okura-kai.com/geisei/","1","1","1","1","1","1","0","1","1","1","1","1","1","1","1","1","1","1","1","1","1","1","1","1","1","1","1","1","1","1","1","1","1","1","1","1","1","1","1","1","1","1","0","12月30日 12月31日 1月1日 1月2日 1月3日","","48","","","136","","","184","","原データ"
"3911395200750","田野病院","タノビョウイン","田野病院","タノビョウイン","TanoHospital","1","39","303","高知県安芸郡田野町１４１４－１",33.429227,134.008736,"http://usui-kai.com/","1","1","1","1","1","1","0","1","1","1","1","1","1","1","1","1","1","1","1","1","1","1","1","1","1","1","1","1","1","1","1","1","1","1","1","1","1","1","1","1","1","1","0","12月31日、 1月1日、 1月2日 、1月3日","103","0","","","","","","103","","原データ"
"3911395300100","井上病院","イノウエビョウイン","井上病院","イノウエビョウイン","Inoue Hospital","1","39","205","高知県土佐市高岡町甲２０４４",33.496261,133.427036,"http://tosa-inouehp.jp","1","1","1","1","1","1","1","1","1","1","1","1","1","1","1","1","1","1","1","1","1","1","1","1","1","1","1","1","1","1","1","1","1","1","1","1","1","1","1","1","1","1","0","12月29日 12月30日 12月31日 1月1日 1月2日 1月3日","50","0","","","","","","50","","原データ"
"3911395300230","白菊園病院","シラギクエンビョウイン","白菊園病院","シラギクエンビョウイン","Siragikuen Byoin","1","39","205","高知県土佐市新居萩の里１",33.449488,133.458236,"http://siragiku.jp","1","1","1","1","1","1","0","1","1","1","1","1","1","0","1","1","1","1","1","0","0","1","1","1","1","1","1","0","1","1","1","1","1","0","0","1","1","1","1","1","1","0","0","12月30日 12月31日 1月1日 1月2日 1月3日","47","140","","","","","","187","","原データ"
"3911395300360","土佐市立土佐市民病院","トサシリツトサシミンビョウイン","土佐市民病院","トサシミンビョウイン","tosa municipal hospital","1","39","205","高知県土佐市高岡町甲１８６７",33.494203,133.423515,"http://www.city.tosa.lg.jp/hospital/","1","1","1","1","1","0","0","1","1","1","1","1","0","0","1","1","1","1","1","0","0","1","1","1","1","1","0","0","1","1","1","1","1","0","0","1","1","1","1","1","0","0","0","12月29日 12月30日 12月31日 1月1日 1月2日 1月3日","150","","","","","","","150","","原データ"
"3911395300490","高陵病院","コウリョウビョウイン","高陵病院","コウリョウビョウイン","Koryo Hospital","1","39","206","高知県須崎市横町１番２８号",33.390607,133.284539,"https://koryo-hp.or.jp","1","1","1","1","1","1","0","1","1","1","1","1","1","0","1","1","1","1","1","1","0","1","1","1","1","1","1","0","1","1","1","1","1","1","0","1","1","1","1","1","1","0","0","12月30日から1月3日、3月第2土曜日","40","89","","","0","0","0","129","","原データ"
"3911395300650","一陽病院","イチヨウビョウイン","一陽病院","イチヨウビョウイン","ICHIYO MENTAL HOSPITAL","1","39","206","高知県須崎市赤崎町９－３",33.412663,133.285941,"http://www.ichiyo-hp.jp/","1","1","1","1","1","1","0","1","1","1","1","1","0","0","1","1","1","1","1","1","0","1","1","1","1","1","0","0","1","1","1","1","1","1","0","1","1","1","1","1","0","0","0","12月30日 12月31日 1月1日 1月2日 1月3日","","","","","216","","","218","","原データ"
"3911395300780","ネオリゾートちひろ病院","ネオリゾートチヒロビョウイン","ネオリゾートちひろ病院","ネオリゾートチヒロビョウイン","chihiro Hospital","1","39","206","高知県須崎市中町１ー６ー２５",33.388674,133.283478,"https://chihiro-susaki.com/","1","1","1","1","1","1","0","1","1","1","1","1","1","0","1","1","1","1","1","1","0","1","1","1","1","1","1","0","1","1","1","1","1","1","0","1","1","1","1","1","1","0","0","12月30日 12月31日 1月1日 1月2日 1月3日","","54","","","","","","54","","原データ"
"3911395301080","須崎くろしお病院","スサキクロシオビョウイン","須崎くろしお病院","スサキクロシオビョウイン","Susakikuroshio Hospital","1","39","206","高知県須崎市緑町４番３０号",33.411713,133.289361,"https://susaki-kuroshio-hp.or.jp/","1","1","1","1","1","1","0","1","1","1","1","1","1","0","1","1","1","1","1","1","0","1","1","1","1","1","1","0","1","1","1","1","1","1","0","1","1","1","1","1","1","0","0","12月30日 12月31日 1月1日 1月2日 1月3日","116","42","","","","","","158","","原データ"
"3911395301110","なかとさ病院","ナカトサビョウイン","なかとさ病院","ナカトサビョウイン","Nakatosa Byouin","1","39","401","高知県高岡郡中土佐町久礼６６１４",33.327915,133.228471,"","1","1","1","1","1","1","0","1","1","1","1","1","1","0","1","1","1","1","1","1","0","1","1","1","1","1","1","0","1","1","1","1","1","1","0","1","1","1","1","1","1","0","0","12月31日 1月1日 1月2日 1月3日","","20","","","","","","20","","原データ"
"3911395301240","檮原町立国民健康保険梼原病院","ユスハラチョウリツコクミンケンコウホケンユスハラビョウイン","国保梼原病院","コクホユスハラビョウイン","Kokuho Yusuhara Hospital","1","39","405","高知県高岡郡檮原町川西路２３２０ー１",33.392538,132.924915,"http://www.town.yusuhara.kochi.jp/hospital","1","1","1","1","1","0","0","1","1","1","1","1","1","1","1","1","1","1","1","1","1","1","1","1","1","1","1","1","1","1","1","1","1","1","1","1","1","1","1","1","1","1","0","12月29日 12月30日 12月31日 1月1日 1月2日 1月3日","30","","","","","","","30","","原データ"
"3911395400130","渡川病院","ワタリガワビョウイン","渡川病院","ワタリガワビョウイン","watarigawa byouin","1","39","210","高知県四万十市具同２２７８－１",32.983132,132.921917,"http://www.watarigawa.com","1","1","1","1","1","0","0","1","1","1","1","1","1","1","1","1","1","1","1","1","1","1","1","1","1","1","1","1","1","1","1","1","1","1","1","1","1","1","1","1","1","1","0","5月6日　9月22日　12月30日～1月3日","","","","","180","","","180","","原データ"
"3911395400260","木俵病院","キダワラビョウイン","木俵病院","キダワラビョウイン","Kidawara Hospital","1","39","210","高知県四万十市中村一条通３－３－２５",32.992032,132.937187,"http://kidawara-hp.net/","1","1","1","1","1","1","0","1","1","1","1","1","1","0","1","1","1","1","1","1","0","1","1","1","1","1","1","0","1","1","1","1","1","1","0","1","1","1","1","1","1","0","0","12月30日、12月31日、1月2日、1月3日","","42","","","","","","42","","原データ"
"3911395400390","四万十市国民健康保険四万十市立市民病院","シマントシコクミンケンコウホケンシマントシリツシミンビョウイン","四万十市立市民病院","シマントシリツシミンビョウイン","shimanto city Hospital","1","39","210","高知県四万十市中村東町１ー１ー２７",32.993695,132.937462,"https://www.city.shimanto.lg.jp/site/hospital/","1","1","1","1","1","0","0","1","1","1","1","1","1","1","1","1","1","1","1","1","1","1","1","1","1","1","1","1","1","1","1","1","1","1","1","1","1","1","1","1","1","1","0","年末年始（12月29日、12月30日、 12月31日、 1月1日 、 1月2日、1月3日）","89","0","","","","","","89","","原データ"
"3911395400420","竹本病院","タケモトビョウイン","竹本病院","タケモトビョウイン","takemoto hospital","1","39","210","高知県四万十市右山１９７３番地２",32.978421,132.945518,"http://takemoto-hp.com","1","1","1","1","1","1","0","1","1","1","1","1","1","0","1","1","1","1","1","0","0","1","1","1","1","1","1","0","1","1","1","1","1","0","0","1","1","1","1","1","1","0","0","1月1日 1月2日 1月3日（改行）8月13日 8月14日 8月15日（改行）12月29日 12月30日 12月31日","81","50","","","0","0","0","131","","原データ"
"3911395400550","中村病院","ナカムラビョウイン","中村病院","ナカムラビョウイン","Nakamura Hospital","1","39","210","高知県四万十市中村小姓町７５番地",32.994637,132.932644,"","1","1","1","1","1","1","0","1","1","1","1","1","1","0","1","1","1","1","1","0","0","1","1","1","1","1","1","0","1","1","1","1","1","0","0","1","1","1","1","1","0","0","0","12月31日 12月30日 12月29日 1月3日 1月2日 1月1日","","60","60","0","","","","60","疑い: 土 曜日フラグは営業日だが時刻が無い","原データ"
"3911395400840","森下病院","モリシタビョウイン","森下病院","モリシタビョウイン","Morishita Hospital","1","39","210","高知県四万十市中村一条通２丁目４４番地",32.991985,132.936526,"http://www.morishitahp.jp","1","1","1","1","1","1","0","","","","","","","","","","","","","","","","","","","","","","","","","","","","","","","","","","","","0","１２月３０日、１２月３１日、１月１日、１月２日、１月３日","36","50","","","","","","86","","原データ"
"3911395401140","大井田病院","オオイダビョウイン","大井田病院","オオイダビョウイン","Ooida Hospital","1","39","208","高知県宿毛市中央８丁目３番６号",32.935184,132.731412,"http://www.ooida-hp.net","1","1","1","1","1","1","0","1","1","1","1","1","1","0","1","1","1","1","1","1","0","1","1","1","1","1","1","0","1","1","1","1","1","1","0","1","1","1","1","1","1","0","0","12月30日 12月31日 1月1日 1月2日 1月3日 5月5日 8月11日 11月3日 2月23日","50","0","","","","","","50","","原データ"
"3911395401300","筒井病院","ツツイビョウイン","筒井病院","ツツイビョウイン","Tsutsui  Hospital","1","39","208","高知県宿毛市平田町戸内１８０２",32.959159,132.797547,"http://goseikai.jp/","1","1","1","1","1","1","0","1","1","1","1","1","1","0","1","1","1","1","1","1","0","1","1","1","1","1","1","0","1","1","1","1","1","1","0","1","1","1","1","1","1","0","0","12月30日 12月31日 1月1日 1月2日 1月3日","","56","","","","","","56","","原データ"
"3911395401430","聖ヶ丘病院","ヒジリガオカビョウイン","聖ヶ丘病院","ヒジリガオカビョウイン","Hijiri HP","1","39","208","高知県宿毛市押ノ川１１９６",32.945641,132.765535,"https://www.hijiri-hp.jp/","1","1","1","1","1","0","0","1","1","1","1","1","1","1","1","1","1","1","1","1","1","1","1","1","1","1","1","1","1","1","1","1","1","1","1","1","1","1","1","1","1","1","0","12月30日 12月31日 1月1日 1月2日 1月3日","","45","","","166","","","211","","原データ"
"3911395401690","大月町国民健康保険大月病院","オオツキチョウコクミンケンコウホケンオオツキビョウイン","国保大月病院","コクホオオツキビョウイン","Kokuho Otsuki Byouin","1","39","424","高知県幡多郡大月町鉾土６０３番地",32.821059,132.709635,"http://www.town.otsuki.kochi.jp/hospital/","1","1","1","1","1","0","0","1","1","1","1","1","0","0","1","1","1","1","1","0","0","1","1","1","1","1","0","0","1","1","1","1","1","0","0","1","1","1","1","1","0","0","0","12月29日 12月30日 12月31日 1月1日 1月2日 1月3日","25","","","","","","","25","","原データ"
"3911395401850","幡多希望の家医療福祉センター","ハタキボウノイエイリョウフクシセンター","幡多希望の家医療福祉センター","ハタキボウノイエイリョウフクシセンター","Hatakibounoieiryouhukusisenta","1","39","208","高知県宿毛市平田町中山８６７番地",32.961195,132.781091,"http://www.hatakibou.jp/","1","1","1","1","1","1","0","1","1","1","1","1","1","0","1","1","1","1","1","1","0","1","1","1","1","1","1","0","1","1","1","1","1","1","0","1","1","1","1","1","1","0","0","12月30日 12月31日 1月1日 1月2日 1月3日","51","","","","","","","51","","原データ"
"3911395401980","高知県立幡多けんみん病院","コウチケンリツハタケンミンビョウイン","幡多けんみん病院","ハタケンミンビョウイン","Hata Kenmin Hospital","1","39","208","高知県宿毛市山奈町芳奈３－１",32.96675,132.80553,"https://www.pref.kochi.lg.jp/hata/","1","1","1","1","1","0","0","1","1","1","1","1","0","0","1","1","1","1","1","0","0","1","1","1","1","1","0","0","1","1","1","1","1","0","0","1","1","1","1","1","0","0","0","12月29日 12月30日 12月31日 1月1日 1月2日 1月3日","291","0","","","","28","3","322","","原データ"
"3911395500290","同仁病院","ドウジンビョウイン","同仁病院","ドウジンビョウイン","Doujin Hospital","1","39","212","高知県香美市土佐山田町百石町２ー５ー２０",33.607973,133.697171,"http://doujin-hp.or.jp/","1","1","1","1","1","1","0","1","1","1","1","1","1","0","1","1","1","1","1","0","0","1","1","1","1","1","1","0","1","1","1","1","1","0","0","1","1","1","1","1","1","0","0","12月30日 12月31日 1月1日 1月2日 1月3日","","38","38","","214","","","252","","原データ"
"3911395500320","香長中央病院","カチョウチュウオウビョウイン","香長中央病院","カチョウチュウオウビョウイン","Kachouchuuou Hospital","1","39","212","高知県香美市土佐山田町西本町５－５－３４",33.603849,133.678654,"https://kachocentral.com/","1","1","1","1","1","0","0","1","1","1","1","1","0","0","1","1","1","1","1","0","0","1","1","1","1","1","0","0","1","1","1","1","1","0","0","1","1","1","1","1","0","0","0","4月29日  5月4日 5月5日 5月6日 7月20日 8月11日 9月21日 9月22日 9月23日 10月12日 11月3日11月23日（改行） 12月29日 12月30日 12月31日 1月1日 1月2日 1月3日","0","194","","","0","0","0","194","","原データ"
"3911395500610","香北病院","カホクビョウイン","香北病院","カホクビョウイン","Kahoku Hospital","1","39","212","高知県香美市香北町美良布１０６４ー９",33.650092,133.778898,"","1","1","1","1","1","1","0","1","1","1","1","1","1","0","1","1","1","1","1","1","0","1","1","1","1","1","1","0","1","1","1","1","1","1","0","1","1","1","1","1","1","0","0","12月31日 1月1日 1月2日 1月3日","","30","","","","","","30","","原データ"
"3911395501040","野市中央病院","ノイチチュウオウビョウイン","野市中央病院","ノイチチュウオウビョウイン","Noichichuou Byoin","1","39","211","高知県香南市野市町東野５５５－１８",33.560591,133.717377,"http://www.kouseikai-g.jp","1","1","1","1","1","1","0","1","1","1","1","1","1","1","1","1","1","1","1","1","1","1","1","1","1","1","1","1","1","1","1","1","1","1","1","1","1","1","1","1","1","1","0","12月31日 1月1日 1月2日 1月3日","91","74","74","","0","0","0","165","","原データ"
"3911395600220","大西病院","オオニシビョウイン","大西病院","オオニシビョウイン","Oonishi Hospital","1","39","412","高知県高岡郡四万十町古市町６－１２",33.208677,133.141047,"http://www.oonishi-hp.or.jp/","1","1","1","1","1","1","0","1","1","1","1","1","1","0","1","1","1","1","1","1","0","1","1","1","1","1","1","0","1","1","1","1","1","1","0","1","1","1","1","1","1","0","0","12月31日 12月30日 12月29日 1月3日 1月2日 1月1日","","50","","","","","","50","","原データ"
"3911395600480","くぼかわ病院","クボカワビョウイン","くぼかわ病院","クボカワビョウイン","Kubokawa Hospital","1","39","412","高知県高岡郡四万十町見付９０２ー１",33.205993,133.148786,"https://www.kawamurakai.com","1","1","1","1","1","1","0","1","1","1","1","1","1","1","1","1","1","1","1","1","1","1","1","1","1","1","1","1","1","1","1","1","1","1","1","1","1","1","1","1","1","1","0","12月30日 12月31日 1月1日 1月2日 1月3日","138","34","","","","","","172","","原データ"
"3911395700120","安部病院","アベビョウイン","安部病院","アベビョウイン","Abe Byoin","1","39","387","高知県吾川郡仁淀川町岩丸１０２",33.612746,133.173703,"http://www.abehospital.com","1","1","1","1","1","1","0","1","1","1","1","1","1","0","1","1","1","1","1","1","0","1","1","1","1","1","1","0","1","1","1","1","1","1","0","1","1","1","1","1","1","0","0","12月29日 12月30日 12月31日 1月1日 1月2日 1月3日","","21","","","","","","21","","原データ"
"3911395700250","佐川町立高北国民健康保険病院","サカワチョウリツコウホクコクミンケンコウホケンビョウイン","佐川町立高北国民健康保険病院","サカワチョウリツコウホクコクミンケンコウホケンビョウイン","sakawatyoritukohokukokuminkenkohokenbyoin","1","39","402","高知県高岡郡佐川町甲１６８７番地",33.504258,133.287033,"http://www.town.sakawa.lg.jp/kouhoku_hospital/","1","1","1","1","1","1","0","1","1","1","1","1","0","1","1","1","1","1","1","1","1","1","1","1","1","1","0","1","1","1","1","1","1","1","1","1","1","1","1","1","0","1","0","12月29日 12月30日 12月31日 1月1日 1月2日 1月3日","56","42","","","","","","98","","原データ"
"3911395700380","清和病院","セイワビョウイン","清和病院","セイワビョウイン","Seiwa Byoin","1","39","402","高知県高岡郡佐川町乙１７７７番地",33.506422,133.279918,"http://www.seiunkai.com/","1","1","1","1","1","1","0","1","1","1","1","1","1","0","1","1","1","1","1","1","0","1","1","1","1","1","1","0","1","1","1","1","1","1","0","1","1","1","1","1","1","0","0","12月30日 12月31日 1月1日 1月2日 1月3日","30","53","","","251","0","0","334","","原データ"
"3911395700410","北島病院","キタジマビョウイン","北島病院","キタジマビョウイン","Kitajima Hospital","1","39","403","高知県高岡郡越知町越知甲１６６２",33.530308,133.252975,"http://www.kitajima-hp.com/","1","1","1","1","1","1","0","1","1","1","1","1","1","0","1","1","1","1","1","1","0","1","1","1","1","1","1","0","1","1","1","1","1","1","0","1","1","1","1","1","1","0","0","12月31日 1月3日 1月2日 1月1日","50","","","","","","","50","","原データ"
"3911395700540","山﨑外科整形外科病院","ヤマサキゲカセイケイゲカビョウイン","山﨑外科整形外科病院","ヤマサキゲカセイケイゲカビョウイン","YamasakiGekaSeikeigeka Byoin","1","39","403","高知県高岡郡越知町越知甲２１０７番地１",33.530864,133.250368,"","1","1","1","1","1","1","0","1","1","1","1","1","1","1","1","1","1","1","1","1","1","1","1","1","1","1","1","1","1","1","1","1","1","1","1","1","1","1","1","1","1","1","0","8月15日 12月31日 1月1日 1月2日 1月3日","22","21","","","","","","43","","原データ"
"3911395700700","前田病院","マエダビョウイン","前田病院","マエダビョウイン","Maeda Byoin","1","39","403","高知県高岡郡越知町越知甲２１３３",33.530861,133.249364,"http://maeda-kai-ochi.jp/","1","1","1","1","1","1","0","1","1","1","1","1","1","0","1","1","1","1","1","1","0","1","1","1","1","1","1","0","1","1","1","1","1","1","0","1","1","1","1","1","1","0","0","12月31日 1月1日 1月2日 1月3日","","60","","","","","","60","","原データ"
"3911395700960","山﨑病院","ヤマサキビョウイン","山﨑病院","ヤマサキビョウイン","yamasaki hospital","1","39","403","高知県高岡郡越知町越知甲２０４１ー３",33.53275,133.250993,"http://www.yamasaki.or.jp","1","1","1","1","1","1","0","1","1","1","1","1","1","0","1","1","1","1","1","1","0","1","1","1","1","1","1","0","1","1","1","1","1","1","0","1","1","1","1","1","1","0","0","12月31日 1月1日 1月2日 1月3日","","28","","","","","","28","","原データ"
"3911395800150","本山町立国民健康保険嶺北中央病院","モトヤマチョウリツコクミンケンコウホケンレイホクチュウオウビョウイン","本山町立国保嶺北中央病院","モトヤマチョウリツコクホレイホクチュウオウビョウイン","Reihoku Central Hospital","1","39","341","高知県長岡郡本山町本山６２０",33.759753,133.588607,"http://www.reihokuchuo-hp.jp","1","1","1","1","1","1","0","1","1","1","1","1","0","0","1","1","1","1","1","1","0","1","1","1","1","1","0","0","1","1","1","1","1","1","0","1","1","1","1","1","0","0","0","12月31日 12月30日 12月29日 1月3日 1月2日 1月1日","53","36","","","","","","89","","原データ"
"3911395800280","大杉中央病院","オオスギチュウオウビョウイン","大杉中央病院","オオスギチュウオウビョウイン","Oosugichuou Byoin","1","39","344","高知県長岡郡大豊町中村大王１４９７－１",33.754454,133.665992,"","1","1","1","1","1","1","0","1","1","1","1","1","1","0","1","1","1","1","1","1","0","1","1","1","1","1","1","0","1","1","1","1","1","1","0","1","1","1","1","1","1","0","0","12月31日 1月1日 1月2日 1月3日","0","60","","","","","","60","","原データ"
"3911395800440","早明浦病院","サメウラビョウイン","早明浦病院","サメウラビョウイン","Sameura Byoin","1","39","363","高知県土佐郡土佐町田井１３７２番地",33.746676,133.557392,"http://juzen-kai.or.jp/","1","1","1","1","1","1","0","1","1","1","1","1","1","1","1","1","1","1","1","0","1","1","1","1","1","1","1","1","1","1","1","1","1","0","1","1","1","1","1","1","1","1","0","12月31日 1月3日 1月2日 1月1日","","50","","","0","0","0","50","","原データ"
"3911395900210","やまもと病院","ヤマモトビョウイン","やまもと病院","ヤマモトビョウイン","YamaMoto Hospital","1","39","202","高知県室戸市羽根町乙１３９２",33.368644,134.057993,"","1","1","1","1","1","0","0","1","1","1","1","1","1","1","1","1","1","1","1","1","1","1","1","1","1","1","1","1","1","1","1","1","1","1","1","1","1","1","1","1","1","1","0","12月31日 1月1日 1月2日 1月3日","","0","","","150","","","150","","原データ"
"3911395900340","室戸中央病院","ムロトチュウオウビョウイン","室戸中央病院","ムロトチュウオウビョウイン","","1","39","202","高知県室戸市室津２２７３",33.28924,134.155941,"http://www.muroto-aiseikai.com","1","1","1","1","1","0","0","1","1","1","1","1","0","0","1","1","1","1","1","0","0","1","1","1","1","1","0","0","1","1","1","1","1","0","0","1","1","1","1","1","0","0","0","12月31日 1月1日 1月2日 1月3日","","96","","","","","","96","","原データ"
"3911396000120","足摺病院","アシズリビョウイン","足摺病院","アシズリビョウイン","Ashizuri Hospital","1","39","209","高知県土佐清水市旭町１８－７１",32.779311,132.96164,"http://www.ashizuribyouin.com","1","1","1","1","1","1","0","1","1","1","1","1","1","1","1","1","1","1","1","1","1","1","1","1","1","1","1","1","1","1","1","1","1","1","1","1","1","1","1","1","1","1","0","12月31日 1月3日 1月2日 1月1日 8月15日","","31","31","","","","","31","","原データ"
"3911396000250","渭南病院","イナンビョウイン","渭南病院","イナンビョウイン","Inan Hospital","1","39","209","高知県土佐清水市越前町６ー１",32.781221,132.950803,"http://www.inan-hp.jp","1","1","1","1","1","1","0","1","1","1","1","1","1","1","1","1","1","1","1","1","1","1","1","1","1","1","1","1","1","1","1","1","1","1","1","1","1","1","1","1","1","1","0","12月31日 8月15日 1月3日 1月2日 1月1日","50","55","","","","","","105","","原データ"
"3911396000540","松谷病院","マツタニビョウイン","松谷病院","マツタニビョウイン","Matsutani Hospital","1","39","209","高知県土佐清水市天神町１４ー１８",32.782883,132.954149,"http://www.tampopo.or.jp/","1","1","1","1","1","1","0","1","1","1","1","1","1","1","1","1","1","1","1","1","1","1","1","1","1","1","1","1","1","1","1","1","1","1","1","1","1","1","1","1","1","1","0","12月31日 1月1日 1月2日 1月3日","0","54","","","0","0","0","54","","原データ"
"3911396200180","ＪＡ高知病院","ジェイエイ　コウチビョウイン","ＪＡ高知病院","ジェイエイ　コウチビョウイン","JA Kochi Byouin","1","39","204","高知県南国市明見字中野５２６－１",33.569755,133.622941,"http://www.kouseiren.ja-kochi.or.jp","1","1","1","1","1","1","0","1","1","1","1","1","1","0","1","1","1","1","1","1","0","1","1","1","1","1","1","0","1","1","1","1","1","1","0","1","1","1","1","1","1","0","0","12月29日 12月30日 12月31日 1月1日 1月2日 1月3日","154","","","","","","","154","","原データ"
"3911396300110","さくら病院","サクラビョウイン","さくら病院","サクラビョウイン","Sakurabyoin","1","39","386","高知県吾川郡いの町鹿敷１６２",33.565782,133.368372,"https://okamotokai-sakurahospital.jimdofree.com","1","1","1","1","1","1","0","1","1","1","1","1","1","0","1","1","1","1","1","1","0","1","1","1","1","1","1","0","1","1","1","1","1","1","0","1","1","1","1","1","1","0","0","12月30日 12月31日 1月1日 1月2日 1月3日","","60","","","","","","60","","原データ"
"3911396300370","リハビリテーション病院すこやかな杜","リハビリテーションビョウイン　スコヤカナモリ","すこやかな杜","スコヤカナモリ","Sukoyakanamori","1","39","201","高知県高知市春野町芳原１３１６番１",33.507667,133.512897,"http://sukoyakanamori.or.jp/","1","1","1","1","1","1","0","","","","","","","","","","","","","","","","","","","","","","","","","","","","","","","","","","","","0","12月31日 1月1日 1月2日 1月3日","60","","","","","","","60","","原データ"
