"ID","正式名称","正式名称（フリガナ）","略称","略称（フリガナ）","英語表記（ローマ字表記）","機関区分","都道府県コード","市区町村コード","所在地","所在地座標（緯度）","所在地座標（経度）","案内用ホームページアドレス","毎週決まった曜日に休業（月）","毎週決まった曜日に休業（火）","毎週決まった曜日に休業（水）","毎週決まった曜日に休業（木）","毎週決まった曜日に休業（金）","毎週決まった曜日に休業（土）","毎週決まった曜日に休業（日）","決まった週に休業（定期週）第1週（月）","決まった週に休業（定期週）第1週（火）","決まった週に休業（定期週）第1週（水）","決まった週に休業（定期週）第1週（木）","決まった週に休業（定期週）第1週（金）","決まった週に休業（定期週）第1週（土）","決まった週に休業（定期週）第1週（日）","決まった週に休業（定期週）第2週（月）","決まった週に休業（定期週）第2週（火）","決まった週に休業（定期週）第2週（水）","決まった週に休業（定期週）第2週（木）","決まった週に休業（定期週）第2週（金）","決まった週に休業（定期週）第2週（土）","決まった週に休業（定期週）第2週（日）","決まった週に休業（定期週）第3週（月）","決まった週に休業（定期週）第3週（火）","決まった週に休業（定期週）第3週（水）","決まった週に休業（定期週）第3週（木）","決まった週に休業（定期週）第3週（金）","決まった週に休業（定期週）第3週（土）","決まった週に休業（定期週）第3週（日）","決まった週に休業（定期週）第4週（月）","決まった週に休業（定期週）第4週（火）","決まった週に休業（定期週）第4週（水）","決まった週に休業（定期週）第4週（木）","決まった週に休業（定期週）第4週（金）","決まった週に休業（定期週）第4週（土）","決まった週に休業（定期週）第4週（日）","決まった週に休業（定期週）第5週（月）","決まった週に休業（定期週）第5週（火）","決まった週に休業（定期週）第5週（水）","決まった週に休業（定期週）第5週（木）","決まった週に休業（定期週）第5週（金）","決まった週に休業（定期週）第5週（土）","決まった週に休業（定期週）第5週（日）","祝日に休業","その他の休業日（gw、お盆等）","月_就業時間帯1_開始時間","月_就業時間帯1_終了時間","火_就業時間帯1_開始時間","火_就業時間帯1_終了時間","水_就業時間帯1_開始時間","水_就業時間帯1_終了時間","木_就業時間帯1_開始時間","木_就業時間帯1_終了時間","金_就業時間帯1_開始時間","金_就業時間帯1_終了時間","土_就業時間帯1_開始時間","土_就業時間帯1_終了時間","日_就業時間帯1_開始時間","日_就業時間帯1_終了時間","祝_就業時間帯1_開始時間","祝_就業時間帯1_終了時間","月_就業時間帯2_開始時間","月_就業時間帯2_終了時間","火_就業時間帯2_開始時間","火_就業時間帯2_終了時間","水_就業時間帯2_開始時間","水_就業時間帯2_終了時間","木_就業時間帯2_開始時間","木_就業時間帯2_終了時間","金_就業時間帯2_開始時間","金_就業時間帯2_終了時間","土_就業時間帯2_開始時間","土_就業時間帯2_終了時間","日_就業時間帯2_開始時間","日_就業時間帯2_終了時間","祝_就業時間帯2_開始時間","祝_就業時間帯2_終了時間","月_就業時間帯3_開始時間","月_就業時間帯3_終了時間","火_就業時間帯3_開始時間","火_就業時間帯3_終了時間","水_就業時間帯3_開始時間","水_就業時間帯3_終了時間","木_就業時間帯3_開始時間","木_就業時間帯3_終了時間","金_就業時間帯3_開始時間","金_就業時間帯3_終了時間","土_就業時間帯3_開始時間","土_就業時間帯3_終了時間","日_就業時間帯3_開始時間","日_就業時間帯3_終了時間","祝_就業時間帯3_開始時間","祝_就業時間帯3_終了時間","月_外来受付時間帯1_開始時間","月_外来受付時間帯1_終了時間","火_外来受付時間帯1_開始時間","火_外来受付時間帯1_終了時間","水_外来受付時間帯1_開始時間","水_外来受付時間帯1_終了時間","木_外来受付時間帯1_開始時間","木_外来受付時間帯1_終了時間","金_外来受付時間帯1_開始時間","金_外来受付時間帯1_終了時間","土_外来受付時間帯1_開始時間","土_外来受付時間帯1_終了時間","日_外来受付時間帯1_開始時間","日_外来受付時間帯1_終了時間","祝_外来受付時間帯1_開始時間","祝_外来受付時間帯1_終了時間","月_外来受付時間帯2_開始時間","月_外来受付時間帯2_終了時間","火_外来受付時間帯2_開始時間","火_外来受付時間帯2_終了時間","水_外来受付時間帯2_開始時間","水_外来受付時間帯2_終了時間","木_外来受付時間帯2_開始時間","木_外来受付時間帯2_終了時間","金_外来受付時間帯2_開始時間","金_外来受付時間帯2_終了時間","土_外来受付時間帯2_開始時間","土_外来受付時間帯2_終了時間","日_外来受付時間帯2_開始時間","日_外来受付時間帯2_終了時間","祝_外来受付時間帯2_開始時間","祝_外来受付時間帯2_終了時間","月_外来受付時間帯3_開始時間","月_外来受付時間帯3_終了時間","火_外来受付時間帯3_開始時間","火_外来受付時間帯3_終了時間","水_外来受付時間帯3_開始時間","水_外来受付時間帯3_終了時間","木_外来受付時間帯3_開始時間","木_外来受付時間帯3_終了時間","金_外来受付時間帯3_開始時間","金_外来受付時間帯3_終了時間","土_外来受付時間帯3_開始時間","土_外来受付時間帯3_終了時間","日_外来受付時間帯3_開始時間","日_外来受付時間帯3_終了時間","祝_外来受付時間帯3_開始時間","祝_外来受付時間帯3_終了時間","注記","座標の出典"
"3941730000030","ゆいま～る","ユイマール","ゆいま～る","ユイマール","","4","39","211","高知県香南市野市町西野１７３３",33.559206,133.691073,"","1","1","1","1","1","1","1","1","1","1","1","1","1","1","1","1","1","1","1","1","1","1","1","1","1","1","1","1","1","1","1","1","1","1","1","1","1","1","1","1","1","1","1","日及び時間は不定期（出張による相談、指導のみ）","","","","","","","","","","","","","","","","","","","","","","","","","","","","","","","","","","","","","","","","","","","","","","","","","","","","","","","","","","","","","","","","","","","","","","","","","","","","","","","","","","","","","","","","","","","","","","","","","疑い: 「毎週決まった曜日に休業（月）」が 1（就業）だが、月曜の就業時間が無い / 疑い: 「毎週決まった曜日に休業（火）」が 1（就業）だが、火曜の就業時間が無い / 疑い: 「毎週決まった曜日に休業（水）」が 1（就業）だが、水曜の就業時間が無い / 疑い: 「毎週決まった曜日に休業（木）」が 1（就業）だが、木曜の就業時間が無い / 疑い: 「毎週決まった曜日に休業（金）」が 1（就業）だが、金曜の就業時間が無い / 疑い: 「毎週決まった曜日に休業（土）」が 1（就業）だが、土曜の就業時間が無い / 疑い: 「毎週決まった曜日に休業（日）」が 1（就業）だが、日曜の就業時間が無い","原データ"
"3944390000001","アニタ助産院","アニタジョサンイン","アニタ助産院","アニタジョサンイン","ANITA Homebirth House","4","39","201","高知県高知市長浜３番地",33.501528,133.556662,"http://wwwc.pikara.ne.jp/anita/","1","1","1","1","1","1","1","1","1","1","1","1","1","1","1","1","1","1","1","1","1","1","1","1","1","1","1","1","1","1","1","1","1","1","1","1","1","1","1","1","1","1","1","","","","","","","","","","","","","","","","","","","","","","","","","","","","","","","","","","","","","","","","","","","","","","","","","","","","","","","","","","","","","","","","","","","","","","","","","","","","","","","","","","","","","","","","","","","","","","","","","","空欄にした: 月_就業時間帯1 00:00-00:00（開始と終了が同じ） / 空欄にした: 火_就業時間帯1 00:00-00:00（開始と終了が同じ） / 空欄にした: 水_就業時間帯1 00:00-00:00（開始と終了が同じ） / 空欄にした: 木_就業時間帯1 00:00-00:00（開始と終了が同じ） / 空欄にした: 金_就業時間帯1 00:00-00:00（開始と終了が同じ） / 空欄にした: 土_就業時間帯1 00:00-00:00（開始と終了が同じ） / 空欄にした: 日_就業時間帯1 00:00-00:00（開始と終了が同じ） / 空欄にした: 祝_就業時間帯1 00:00-00:00（開始と終了が同じ） / 疑い: 「毎週決まった曜日に休業（月）」が 1（就業）だが、月曜の就業時間が無い / 疑い: 「毎週決まった曜日に休業（火）」が 1（就業）だが、火曜の就業時間が無い / 疑い: 「毎週決まった曜日に休業（水）」が 1（就業）だが、水曜の就業時間が無い / 疑い: 「毎週決まった曜日に休業（木）」が 1（就業）だが、木曜の就業時間が無い / 疑い: 「毎週決まった曜日に休業（金）」が 1（就業）だが、金曜の就業時間が無い / 疑い: 「毎週決まった曜日に休業（土）」が 1（就業）だが、土曜の就業時間が無い / 疑い: 「毎週決まった曜日に休業（日）」が 1（就業）だが、日曜の就業時間が無い","原データ"
"3944390000003","貞弘助産所","サダヒロジョサンショ","貞弘助産所","サダヒロジョサンショ","Sadahiro Josanjo","4","39","201","高知県高知市桟橋通１丁目１番１０号",33.552717,133.545303,"","1","1","1","1","1","1","1","1","1","1","1","1","1","1","1","1","1","1","1","1","1","1","1","1","1","1","1","1","1","1","1","1","1","1","1","1","1","1","1","1","1","1","1","１２月３１日（改行）０１月０１日（改行）０１月０２日（改行）０１月０３日","13:00","17:00","13:00","17:00","09:00","12:00","13:00","17:00","13:00","17:00","09:00","12:00","","","","","","","","","","","","","","","","","","","","","","","","","","","","","","","","","","","","","09:00","12:00","09:00","12:00","","","09:00","12:00","09:00","12:00","","","","","","","13:00","16:00","13:00","16:00","","","13:00","16:00","13:00","16:00","","","","","","","","","","","","","","","","","","","","","","","空欄にした: 水_外来受付時間帯1 00:00-00:00（開始と終了が同じ） / 空欄にした: 土_外来受付時間帯1 00:00-00:00（開始と終了が同じ） / 疑い: 「毎週決まった曜日に休業（日）」が 1（就業）だが、日曜の就業時間が無い","原データ"
"3944390000010","ｍａｍａサポート　よつば助産院","ママサポート　ヨツバジョサンイン","よつば助産院","ヨツバジョサンイン","yothuba josanin","4","39","201","高知県高知市朝倉甲",33.539791,133.49333,"http://yotsuba0404.web.fc2.com/","1","1","1","1","1","0","0","1","1","1","1","1","0","0","1","1","1","1","1","0","0","1","1","1","1","1","0","0","1","1","1","1","1","0","0","1","1","1","1","1","0","0","0","","09:00","18:00","09:00","18:00","09:00","18:00","09:00","18:00","09:00","18:00","","","","","","","","","","","","","","","","","","","","","","","","","","","","","","","","","","","","","","","10:00","17:00","10:00","17:00","10:00","17:00","10:00","17:00","10:00","17:00","","","","","","","","","","","","","","","","","","","","","","","","","","","","","","","","","","","","","","","","原データ"
"3944390000011","ひだまり助産院","ヒダマリジョサンイン","ひだまり助産院","ヒダマリジョサンイン","hidamarijosanin","4","39","210","高知県四万十市具同７０５８－２４",32.986791,132.90039,"http://blogs.yahoo.co.jp/hidamari_josanin","1","1","1","1","1","1","1","1","1","1","1","1","1","1","1","1","1","1","1","1","1","1","1","1","1","1","1","1","1","1","1","1","1","1","1","1","1","1","1","1","1","1","1","","09:00","19:00","09:00","19:00","09:00","19:00","09:00","19:00","09:00","19:00","09:00","19:00","09:00","19:00","09:00","19:00","","","","","","","","","","","","","","","","","","","","","","","","","","","","","","","","","09:00","19:00","09:00","19:00","09:00","19:00","09:00","19:00","09:00","19:00","09:00","19:00","09:00","19:00","09:00","19:00","","","","","","","","","","","","","","","","","","","","","","","","","","","","","","","","","","原データ"
"3944390000012","髙橋助産所","タカハシジョサンショ","髙橋助産所","タカハシジョサンショ","takahashi josansho","4","39","204","高知県南国市岡豊町八幡９６",33.591383,133.630002,"","1","1","1","1","1","1","0","1","1","1","1","1","1","1","1","1","1","1","1","1","1","1","1","1","1","1","1","1","1","1","1","1","1","1","1","1","1","1","1","1","1","1","0","１２月２４日","08:30","17:00","08:30","17:00","08:30","17:00","08:30","17:00","08:30","17:00","08:30","17:00","","","","","","","","","","","","","","","","","","","","","","","","","","","","","","","","","","","","","","","","","","","","","","","","","","","","","","","","","","","","","","","","","","","","","","","","","","","","","","","","","","","","","","原データ"
"3944390000015","むらた助産院","ムラタジョサンイン","むらた母乳哺育相談所","ムラタボニュウホイクソウダンショ","MURATA BNYU SODANSYO","4","39","402","高知県高岡郡佐川町中組９０８",33.470022,133.285028,"","1","1","1","0","1","1","0","1","1","1","1","1","1","1","1","1","1","1","1","1","1","1","1","1","1","1","1","1","1","1","1","1","1","1","1","1","1","1","1","1","1","1","0","１２月３１日（改行）０１月０１日（改行）０１月０２日（改行）０１月０３日","09:00","12:00","09:00","12:00","09:00","12:00","","","09:00","12:00","09:00","12:00","","","","","","","","","","","","","","","","","","","","","","","","","","","","","","","","","","","","","09:00","12:00","09:00","12:00","09:00","12:00","","","09:00","12:00","09:00","12:00","","","","","","","","","","","","","","","","","","","","","","","","","","","","","","","","","","","","","","原データ"
"3944390000017","小梅助産院","コウメジョサンイン","小梅助産院","コウメジョサンイン","","4","39","201","高知県高知市春野町南ケ丘５丁目２ー９",33.485406,133.49577,"https://sites.google.com/view/mwkoume","1","1","1","1","1","0","0","1","1","1","1","1","1","1","1","1","1","1","1","1","1","1","1","1","1","1","1","1","1","1","1","1","1","1","1","1","1","1","1","1","1","1","0","","09:00","17:00","09:00","17:00","09:00","17:00","09:00","17:00","09:00","17:00","09:00","17:00","09:00","17:00","09:00","17:00","","","","","","","","","","","","","","","","","","","","","","","","","","","","","","","","","","","","","","","","","","","","","","","","","","","","","","","","","","","","","","","","","","","","","","","","","","","","","","","","","空欄にした: 月_外来受付時間帯1 00:00-00:00（開始と終了が同じ） / 空欄にした: 火_外来受付時間帯1 00:00-00:00（開始と終了が同じ） / 空欄にした: 水_外来受付時間帯1 00:00-00:00（開始と終了が同じ） / 空欄にした: 木_外来受付時間帯1 00:00-00:00（開始と終了が同じ） / 空欄にした: 金_外来受付時間帯1 00:00-00:00（開始と終了が同じ） / 空欄にした: 土_外来受付時間帯1 00:00-00:00（開始と終了が同じ） / 空欄にした: 日_外来受付時間帯1 00:00-00:00（開始と終了が同じ） / 空欄にした: 祝_外来受付時間帯1 00:00-00:00（開始と終了が同じ） / 疑い: 「毎週決まった曜日に休業（土）」が 0（休業）だが、土曜の就業時間が入っている / 疑い: 「毎週決まった曜日に休業（日）」が 0（休業）だが、日曜の就業時間が入っている / 疑い: 「祝日に休業」が 0（休業）だが、祝日の就業時間が入っている","原データ"
"3944390000018","助産院はぐはぐ","ジョサンインハグハグ","助産院はぐはぐ","ジョサンインハグハグ","Jyosanin Haguhagu","4","39","205","高知県土佐市高岡町丙",,,"https://hughugmombaby.info/","1","1","1","1","1","0","0","1","1","1","1","1","1","1","1","1","1","1","1","1","1","1","1","1","1","1","1","1","1","1","1","1","1","1","1","1","1","1","1","1","1","1","0","１２月２９日（改行）１２月３０日（改行）１２月３１日（改行）０１月０１日（改行）０１月０２日（改行）０１月０３日","09:00","17:30","09:00","17:30","09:00","17:30","09:00","17:30","09:00","17:30","","","","","","","","","","","","","","","","","","","","","","","","","","","","","","","","","","","","","","","08:00","15:00","08:00","15:00","08:00","15:00","08:00","15:00","08:00","15:00","","","","","","","","","","","","","","","","","","","","","","","","","","","","","","","","","","","","","","","空欄にした: 緯度経度 0.0, 0.0（元データに座標が無い。住所から建物の位置を特定できなかった）",""
"3944390000026","谷本助産所","タニモトジョサンショ","谷本助産所","タニモトジョサンショ","","4","39","387","高知県吾川郡仁淀川町竹ノ谷４３２",,,"","1","1","1","1","1","1","1","1","1","1","1","1","1","1","1","1","1","1","1","1","1","1","1","1","1","1","1","1","1","1","1","1","1","1","1","1","1","1","1","1","1","1","1","","","","","","","","","","","","","","","","","","","","","","","","","","","","","","","","","","","","","","","","","","","","","","","","","","","","","","","","","","","","","","","","","","","","","","","","","","","","","","","","","","","","","","","","","","","","","","","","","","空欄にした: 緯度経度 0.0, 0.0（元データに座標が無い。住所から建物の位置を特定できなかった） / 疑い: 「毎週決まった曜日に休業（月）」が 1（就業）だが、月曜の就業時間が無い / 疑い: 「毎週決まった曜日に休業（火）」が 1（就業）だが、火曜の就業時間が無い / 疑い: 「毎週決まった曜日に休業（水）」が 1（就業）だが、水曜の就業時間が無い / 疑い: 「毎週決まった曜日に休業（木）」が 1（就業）だが、木曜の就業時間が無い / 疑い: 「毎週決まった曜日に休業（金）」が 1（就業）だが、金曜の就業時間が無い / 疑い: 「毎週決まった曜日に休業（土）」が 1（就業）だが、土曜の就業時間が無い / 疑い: 「毎週決まった曜日に休業（日）」が 1（就業）だが、日曜の就業時間が無い",""
"3944390000027","マタニティサポートわかつき","マタニティサポートワカツキ","マタニティサポートわかつき","マタニティサポートワカツキ","maternity support wakatsuki","4","39","403","高知県高岡郡越知町越知甲１７２５番地１",33.532881,133.252058,"","1","1","1","1","1","0","0","","","","","","","","","","","","","","","","","","","","","","","","","","","","","","","","","","","","0","5月3日～5日、12月28日～1月3日（振替休日含む）","09:30","12:30","09:30","12:30","09:30","12:30","09:30","12:30","09:30","12:30","","","","","","","13:30","17:30","13:30","17:30","13:30","17:30","13:30","17:30","13:30","17:30","","","","","","","","","","","","","","","","","","","","","","","","","","","","","","","","","","","","","","","","","","","","","","","","","","","","","","","","","","","","","","","","","","","","","","","空欄にした: 月_外来受付時間帯1 00:00-00:00（開始と終了が同じ） / 空欄にした: 火_外来受付時間帯1 00:00-00:00（開始と終了が同じ） / 空欄にした: 水_外来受付時間帯1 00:00-00:00（開始と終了が同じ） / 空欄にした: 木_外来受付時間帯1 00:00-00:00（開始と終了が同じ） / 空欄にした: 金_外来受付時間帯1 00:00-00:00（開始と終了が同じ）","原データ"
"3944390000028","助産院ａｓａ","ジョサンインアサ","助産院ａｓａ","ジョサンインアサ","jyosanninn asa","4","39","204","高知県南国市比江２８２－１２",33.604218261,133.648304421,"","1","1","1","1","1","1","1","1","1","1","1","1","1","1","1","1","1","1","1","1","1","1","1","1","1","1","1","1","1","1","1","1","1","1","1","1","1","1","1","1","1","1","1","","09:00","17:00","09:00","17:00","09:00","17:00","09:00","17:00","09:00","17:00","09:00","17:00","09:00","17:00","09:00","17:00","","","","","","","","","","","","","","","","","","","","","","","","","","","","","","","","","","","","","","","","","","","","","","","","","","","","","","","","","","","","","","","","","","","","","","","","","","","","","","","","","書き換えた: 緯度経度 0.0, 0.0 → 地番の住所から求めた位置（元データに座標が無い） / 空欄にした: 月_外来受付時間帯1 00:00-00:00（開始と終了が同じ） / 空欄にした: 火_外来受付時間帯1 00:00-00:00（開始と終了が同じ） / 空欄にした: 水_外来受付時間帯1 00:00-00:00（開始と終了が同じ） / 空欄にした: 木_外来受付時間帯1 00:00-00:00（開始と終了が同じ） / 空欄にした: 金_外来受付時間帯1 00:00-00:00（開始と終了が同じ） / 空欄にした: 土_外来受付時間帯1 00:00-00:00（開始と終了が同じ） / 空欄にした: 日_外来受付時間帯1 00:00-00:00（開始と終了が同じ） / 空欄にした: 祝_外来受付時間帯1 00:00-00:00（開始と終了が同じ）","地番"
"3944390000029","真弓助産院","マユミジョサンイン","真弓助産院","マユミジョサンイン","Mayumi Jyosanin","4","39","386","高知県吾川郡いの町枝川８５８番地１７０",33.550153,133.450295,"https://mayumi-jyosanin.net/","1","1","1","1","1","1","1","1","1","1","1","1","1","1","1","1","1","1","1","1","1","1","1","1","1","1","1","1","1","1","1","1","1","1","1","1","1","1","1","1","1","1","1","","08:00","20:00","08:00","20:00","08:00","20:00","08:00","20:00","08:00","20:00","08:00","20:00","08:00","20:00","08:00","20:00","","","","","","","","","","","","","","","","","","","","","","","","","","","","","","","","","","","","","","","","","","","","","","","","","","","","","","","","","","","","","","","","","","","","","","","","","","","","","","","","","空欄にした: 月_外来受付時間帯1 00:00-00:00（開始と終了が同じ） / 空欄にした: 火_外来受付時間帯1 00:00-00:00（開始と終了が同じ） / 空欄にした: 水_外来受付時間帯1 00:00-00:00（開始と終了が同じ） / 空欄にした: 木_外来受付時間帯1 00:00-00:00（開始と終了が同じ） / 空欄にした: 金_外来受付時間帯1 00:00-00:00（開始と終了が同じ） / 空欄にした: 土_外来受付時間帯1 00:00-00:00（開始と終了が同じ） / 空欄にした: 日_外来受付時間帯1 00:00-00:00（開始と終了が同じ） / 空欄にした: 祝_外来受付時間帯1 00:00-00:00（開始と終了が同じ）","原データ"
"3944390000030","いのちの応援舎おびなずき","イノチノオウエンシャオビナズキ","いのちの応援舎おびなずき","イノチノオウエンシャオビナズキ","","4","39","201","高知県高知市口細山５４－２９",,,"","1","1","1","1","1","1","1","1","1","1","1","1","1","1","1","1","1","1","1","1","1","1","1","1","1","1","1","1","1","1","1","1","1","1","1","1","1","1","1","1","1","1","1","","","","","","","","","","","","","","","","","","","","","","","","","","","","","","","","","","","","","","","","","","","","","","","","","","","","","","","","","","","","","","","","","","","","","","","","","","","","","","","","","","","","","","","","","","","","","","","","","","空欄にした: 緯度経度 0.0, 0.0（元データに座標が無い。住所から建物の位置を特定できなかった） / 疑い: 「毎週決まった曜日に休業（月）」が 1（就業）だが、月曜の就業時間が無い / 疑い: 「毎週決まった曜日に休業（火）」が 1（就業）だが、火曜の就業時間が無い / 疑い: 「毎週決まった曜日に休業（水）」が 1（就業）だが、水曜の就業時間が無い / 疑い: 「毎週決まった曜日に休業（木）」が 1（就業）だが、木曜の就業時間が無い / 疑い: 「毎週決まった曜日に休業（金）」が 1（就業）だが、金曜の就業時間が無い / 疑い: 「毎週決まった曜日に休業（土）」が 1（就業）だが、土曜の就業時間が無い / 疑い: 「毎週決まった曜日に休業（日）」が 1（就業）だが、日曜の就業時間が無い",""
"3944390000050","母子草助産院","ハハコグサジョサンイン","母子草助産院","ハハコグサジョサンイン","Hahakogusa josanin","4","39","204","高知県南国市緑ケ丘３－４０５",33.533754328,133.606508355,"","1","1","1","1","1","0","0","1","1","1","1","1","1","1","1","1","1","1","1","1","1","1","1","1","1","1","1","1","1","1","1","1","1","1","1","1","1","1","1","1","1","1","0","","09:00","17:00","09:00","17:00","09:00","17:00","09:00","17:00","09:00","17:00","","","","","","","","","","","","","","","","","","","","","","","","","","","","","","","","","","","","","","","09:00","17:00","09:00","17:00","09:00","17:00","09:00","17:00","09:00","17:00","","","","","","","","","","","","","","","","","","","","","","","","","","","","","","","","","","","","","","","書き換えた: 緯度経度 0.0, 0.0 → 地番の住所から求めた位置（元データに座標が無い）","地番"
"3944393114560","このは助産院","コノハジョサンイン","このは助産院","コノハジョサンイン","KonohaJyosanin","4","39","201","高知県高知市一宮東町５丁目６番１９ー３号",33.590099,133.579223,"https://konoha.on.omisenomikata.jp/","1","1","1","1","1","0","0","1","1","1","1","1","0","0","1","1","1","1","1","0","0","1","1","1","1","1","0","0","1","1","1","1","1","0","0","1","1","1","1","1","0","0","0","","09:00","17:00","09:00","17:00","09:00","17:00","09:00","17:00","09:00","17:00","","","","","","","","","","","","","","","","","","","","","","","","","","","","","","","","","","","","","","","09:00","16:00","09:00","16:00","09:00","16:00","09:00","16:00","09:00","16:00","","","","","","","","","","","","","","","","","","","","","","","","","","","","","","","","","","","","","","","","原データ"
